period_end,fiscal_year,fiscal_quarter,form,accession,gmv_period_musd,gmv_ttm_musd,active_consumers_k,transactions_per_active_consumer,aov_derived_usd,loans_hfi_musd,aging_basis,dpd_30_59_pct,dpd_60_89_pct,dpd_90_119_pct,dpd_30plus_pct,dpd_60plus_pct,provision_period_musd,provision_ytd_musd,provision_to_loans_annualized,chargeoff_policy_dpd
2020-12-31,2021,2,10-Q,0001628280-21-002353,2075.112,,4493.0,2.2,,1953.61,unpaid_principal_balance,0.004362,0.002983,0.002676,0.010021,0.005659,17.468,57.735,0.035766,120
2021-03-31,2021,3,10-Q,0001628280-21-010407,2257.374,,5364.0,2.3,,2193.934,amortized_cost,0.00557,0.00485,0.00342,0.01384,0.00827,-1.063,40.389,-0.001938,120
2021-06-30,2021,4,10-K,0001820953-21-000102,2483.616,,7121.0,2.3,,2019.884,amortized_cost,0.008549,0.005963,0.003346,0.017857,0.009309,25.489,65.878,0.050476,120
2021-09-30,2022,1,10-Q,0001820953-21-000117,2712.939,9529.041,8692.0,2.3,476.652244,2229.817,amortized_cost,0.011884,0.007874,0.006195,0.025953,0.014069,63.647,63.647,0.114174,120
2021-12-31,2022,2,10-Q,0001820953-22-000005,4457.574,11911.503,11231.0,2.5,424.236595,2433.34,amortized_cost,0.014573,0.011041,0.009019,0.034633,0.02006,52.64,116.287,0.086531,120
2022-03-31,2022,3,10-Q,0001820953-22-000031,3916.253,13570.382,12733.0,2.7,394.727669,2486.088,amortized_cost,0.013463,0.01216,0.011548,0.037172,0.023708,66.294,182.581,0.106664,120
2022-06-30,2022,4,10-K,0001628280-22-023828,4396.471,15483.237,13980.0,3.0,369.175894,2485.534,amortized_cost,0.013948,0.01083,0.009279,0.034058,0.02011,72.691,255.272,0.116983,120
2022-09-30,2023,1,10-Q,0001820953-22-000039,4389.417,17159.715,14722.0,3.3,353.207012,2665.384,amortized_cost,0.015806,0.011907,0.01058,0.038293,0.022487,64.25,64.25,0.096421,120
2022-12-31,2023,2,10-Q,0001820953-23-000002,5658.286,18360.427,15615.0,3.5,335.948529,3622.993,amortized_cost,0.010751,0.008076,0.008004,0.026832,0.016081,106.689,170.939,0.117791,120
2023-03-31,2023,3,10-Q,0001820953-23-000013,4638.58,19082.754,16006.0,3.6,331.173622,3741.716,amortized_cost,0.00871,0.007453,0.006782,0.022946,0.014235,66.438,237.377,0.071024,120
2023-06-30,2023,4,10-K,0001820953-23-000016,5513.725,20200.008,16469.0,3.9,314.499316,4361.965,amortized_cost,0.008345,0.006458,0.004876,0.019679,0.011335,94.483,331.86,0.086643,120
2023-09-30,2024,1,10-Q,0001820953-23-000025,5600.0,21410.591,16933.0,4.1,308.397529,4502.391,amortized_cost,0.010423,0.007614,0.006682,0.024719,0.014296,99.696,99.696,0.088572,120
2023-12-31,2024,2,10-Q,0001820953-24-000006,7500.0,23252.305,17610.0,4.4,300.091696,5183.363,amortized_cost,0.010106,0.007533,0.00711,0.024749,0.014643,120.88,220.576,0.093283,120
2024-03-31,2024,3,10-Q,0001820953-24-000014,6300.0,24913.725,18134.0,4.6,298.666989,5401.075,amortized_cost,0.008996,0.006938,0.006533,0.022467,0.013471,122.443,343.019,0.09068,120
2024-06-30,2024,4,10-K,0001820953-24-000035,7200.0,26600.0,18713.0,4.9,290.096266,5607.296,amortized_cost,0.009812,0.008518,0.006887,0.025217,0.015405,117.609,460.628,0.083897,120
2024-09-30,2025,1,10-Q,0001820953-24-000060,7600.0,28600.0,19491.0,5.1,287.714491,6238.327,amortized_cost,0.010747,0.008785,0.007664,0.027196,0.016449,159.824,159.824,0.102479,120
2024-12-31,2025,2,10-Q,0001820953-25-000012,10100.0,31200.0,20968.0,5.3,280.751262,6720.071,amortized_cost,0.010939,0.008403,0.007875,0.027217,0.016278,152.98,312.804,0.091059,120
2025-03-31,2025,3,10-Q,0001820953-25-000052,8600.0,33500.0,21888.0,5.6,273.306965,6561.45,amortized_cost,0.0102,0.008759,0.007515,0.026474,0.016274,147.252,460.056,0.089768,120
2025-06-30,2025,4,10-K,0001820953-25-000080,10400.0,36700.0,23003.0,5.8,275.076564,6957.582,amortized_cost,0.009605,0.008128,0.006861,0.024595,0.01499,156.627,616.683,0.090047,120
2025-09-30,2026,1,10-Q,0001628280-25-050295,10800.0,39900.0,24128.0,6.1,271.095143,7161.307,amortized_cost,0.011842,0.0089,0.008078,0.028819,0.016978,162.752,162.752,0.090906,120
2025-12-31,2026,2,10-Q,0001628280-26-005855,13800.0,43600.0,25799.0,6.4,264.060623,8684.255,amortized_cost,0.010376,0.008079,0.007876,0.026331,0.015955,214.153,376.905,0.09864,120
2026-03-31,2026,3,10-Q,0001628280-26-032294,11600.0,46600.0,26787.0,6.7,259.649228,8483.593,amortized_cost,0.01103,0.009214,0.007609,0.027854,0.016823,196.543,573.448,0.09267,120
2026-06-30,2026,4,10-K,0001628280-26-059279,14100.0,50300.0,27782.0,7.0,258.6464,9466.383,amortized_cost,0.010141,0.0082,0.006749,0.025089,0.014948,223.202,796.65,0.094314,120
