date,psavert,aov,active_loans,true_dti,dti_surge,savings_contraction,complaint_velocity,dpd_30plus_pct,empirical_m,predicted_m,macro_source
2021-09-30,7.6,476.652244,0.985714,0.36337,0.135532,18.6,0.059898,0.025953,1.534069,1.431192,track1
2021-12-31,6.6,424.236595,1.071429,0.361957,0.131117,19.6,0.092487,0.034633,2.04714,1.591683,track1
2022-03-31,3.2,394.727669,1.157143,0.362162,0.131757,23.0,0.235086,0.037172,2.197219,2.048435,track1
2022-06-30,2.2,369.175894,1.285714,0.363814,0.13692,24.0,-0.420947,0.034058,2.013152,2.147175,track1
2022-09-30,3.4,353.207012,1.414286,0.366111,0.144097,22.8,0.697393,0.038293,2.263481,1.95585,track1
2022-12-31,4.2,335.948529,1.5,0.366516,0.145362,22.0,-0.123893,0.026832,1.586027,1.832148,track1
2023-03-31,6.0,331.173622,1.542857,0.367165,0.14739,20.2,0.237902,0.022946,1.356327,1.581368,track1
2023-06-30,5.8,314.499316,1.671429,0.368523,0.151634,20.4,0.25843,0.019679,1.163216,1.584378,track1
2023-09-30,5.3,308.397529,1.757143,0.370021,0.156317,20.9,0.044261,0.024719,1.461128,1.62294,track1
2023-12-31,5.6,300.091696,1.885714,0.372236,0.163237,20.6,0.580935,0.024749,1.462901,1.54854,track1
2024-03-31,5.9,298.666989,1.971429,0.374351,0.169846,20.3,0.393941,0.022467,1.328013,1.468416,track1
2024-06-30,5.7,290.096266,2.1,0.376234,0.175731,20.5,-0.674357,0.025217,1.490565,1.450789,track1
2024-09-30,4.8,287.714491,2.185714,0.378049,0.181402,21.4,0.044497,0.027196,1.607542,1.54737,track1
2024-12-31,4.3,280.751262,2.271429,0.378865,0.183954,21.9,0.138342,0.027217,1.608784,1.601279,track1
2025-03-31,5.1,273.306965,2.4,0.380548,0.189213,21.1,0.21258,0.026474,1.564865,1.464076,track1
2025-06-30,4.6,275.076564,2.485714,0.383116,0.197239,21.6,0.609675,0.024595,1.453799,1.489901,track1
2025-09-30,4.3,271.095143,2.614286,0.38542,0.204439,21.9,-0.29401,0.028819,1.703477,1.47998,track1
2025-12-31,3.6,264.060623,2.742857,0.386857,0.208927,22.6,0.05388,0.026331,1.556413,1.552467,track1
2026-03-31,3.5,259.649228,2.871429,0.388821,0.215067,22.7,-0.22038,0.027854,1.646436,1.528112,track1
2026-06-30,2.6,258.6464,3.0,0.391625,0.223829,23.6,-0.043525,0.025089,1.482999,1.601453,track1
