date,cannot pay Affirm,Klarna late fee,Afterpay customer service,overdraft fee,hardship program
2021-01-31,0.0,1.0,22.0,47.0,17.0
2021-02-28,0.0,0.0,21.0,51.0,15.0
2021-03-31,0.0,0.0,22.0,41.0,14.0
2021-04-30,0.0,0.0,22.0,38.0,9.0
2021-05-31,0.0,1.0,24.0,44.0,8.0
2021-06-30,0.0,0.0,27.0,49.0,9.0
2021-07-31,0.0,0.0,26.0,51.0,11.0
2021-08-31,0.0,0.0,27.0,50.0,10.0
2021-09-30,0.0,0.0,31.0,52.0,9.0
2021-10-31,0.0,0.0,34.0,55.0,10.0
2021-11-30,0.0,0.0,44.0,51.0,9.0
2021-12-31,0.0,0.0,64.0,58.0,8.0
2022-01-31,0.0,0.0,42.0,71.0,10.0
2022-02-28,0.0,0.0,34.0,71.0,12.0
2022-03-31,0.0,0.0,32.0,63.0,12.0
2022-04-30,0.0,0.0,33.0,67.0,14.0
2022-05-31,0.0,0.0,34.0,68.0,14.0
2022-06-30,0.0,0.0,39.0,64.0,14.0
2022-07-31,0.0,0.0,39.0,61.0,17.0
2022-08-31,0.0,0.0,46.0,63.0,18.0
2022-09-30,0.0,0.0,41.0,68.0,16.0
2022-10-31,0.0,0.0,38.0,63.0,16.0
2022-11-30,0.0,0.0,49.0,58.0,18.0
2022-12-31,0.0,0.0,71.0,57.0,17.0
2023-01-31,0.0,1.0,41.0,58.0,18.0
2023-02-28,0.0,0.0,34.0,63.0,21.0
2023-03-31,0.0,0.0,33.0,55.0,26.0
2023-04-30,0.0,0.0,32.0,55.0,35.0
2023-05-31,0.0,0.0,36.0,58.0,25.0
2023-06-30,0.0,0.0,38.0,57.0,46.0
2023-07-31,0.0,0.0,40.0,53.0,27.0
2023-08-31,0.0,0.0,47.0,59.0,63.0
2023-09-30,0.0,0.0,41.0,75.0,52.0
2023-10-31,0.0,1.0,44.0,77.0,82.0
2023-11-30,0.0,0.0,52.0,64.0,40.0
2023-12-31,0.0,1.0,63.0,59.0,24.0
2024-01-31,0.0,1.0,42.0,74.0,41.0
2024-02-29,0.0,1.0,35.0,73.0,28.0
2024-03-31,0.0,1.0,28.0,62.0,26.0
2024-04-30,0.0,0.0,33.0,62.0,25.0
2024-05-31,0.0,0.0,33.0,63.0,23.0
2024-06-30,0.0,0.0,35.0,53.0,22.0
2024-07-31,0.0,0.0,35.0,55.0,24.0
2024-08-31,0.0,1.0,38.0,63.0,23.0
2024-09-30,0.0,1.0,27.0,88.0,22.0
2024-10-31,0.0,1.0,29.0,83.0,26.0
2024-11-30,0.0,1.0,34.0,68.0,21.0
2024-12-31,0.0,1.0,42.0,70.0,23.0
2025-01-31,0.0,1.0,26.0,72.0,24.0
2025-02-28,1.0,1.0,26.0,80.0,25.0
2025-03-31,0.0,1.0,25.0,74.0,24.0
2025-04-30,0.0,1.0,25.0,70.0,27.0
2025-05-31,0.0,1.0,27.0,64.0,25.0
2025-06-30,0.0,1.0,29.0,62.0,37.0
2025-07-31,0.0,2.0,32.0,65.0,38.0
2025-08-31,0.0,2.0,32.0,67.0,34.0
2025-09-30,0.0,1.0,25.0,93.0,38.0
2025-10-31,0.0,1.0,28.0,88.0,37.0
2025-11-30,0.0,2.0,30.0,83.0,38.0
2025-12-31,1.0,2.0,41.0,80.0,39.0
2026-01-31,0.0,2.0,25.0,84.0,45.0
2026-02-28,0.0,2.0,22.0,88.0,42.0
2026-03-31,0.0,2.0,25.0,86.0,50.0
2026-04-30,0.0,2.0,25.0,84.0,49.0
2026-05-31,1.0,2.0,24.0,83.0,49.0
2026-06-30,1.0,2.0,24.0,83.0,55.0
2026-07-31,0.0,2.0,28.0,78.0,50.0
2026-08-31,0.0,2.0,27.0,81.0,46.0
2026-09-30,0.0,2.0,26.0,100.0,36.0
